process_name,avg_wait_time,avg_turnaround_time,context_switches
P1,0.0,2.0,1
P2,6.0,45.0,5
P3,4.0,61.0,3
P4,13.5,66.75,4
P5,54.0,113.4,7
P6,54.166666666666664,107.16666666666667,8
P7,67.28571428571429,125.14285714285714,8
P8,75.75,127.625,9
P9,90.44444444444444,139.66666666666666,12
P10,90.8,136.5,12
P11,94.54545454545455,144.8181818181818,11
P12,123.58333333333333,177.0,14
P13,148.46153846153845,205.15384615384616,14
P14,172.5,227.28571428571428,15
P15,199.93333333333334,256.46666666666664,17
P16,236.5625,292.5,18
P17,265.7647058823529,322.3529411764706,18
P18,298.5,353.5,19
P19,330.4736842105263,385.2105263157895,20
P20,378.75,432.85,23
P21,413.3333333333333,466.7142857142857,25
P22,427.54545454545456,480.22727272727275,24
P23,437.4782608695652,489.30434782608694,25
P24,440.7916666666667,490.625,29
P25,437.68,488.68,27
P26,436.53846153846155,487.65384615384613,28
P27,434.6296296296296,484.9259259259259,29
P28,428.92857142857144,477.60714285714283,30
P29,429.3448275862069,478.58620689655174,31
P30,436.96666666666664,486.76666666666665,32
P31,447.38709677419354,496.64516129032256,34
P32,454.40625,504.65625,33
P33,461.030303030303,510.09090909090907,33
P34,469.8529411764706,517.6470588235294,34
P35,487.48571428571427,536.2,37
P36,505.5833333333333,553.7777777777778,39
P37,522.0,570.9459459459459,38
P38,543.5526315789474,591.8157894736842,39
P39,568.025641025641,615.2564102564103,40
P40,591.425,637.975,42
P41,611.219512195122,657.3414634146342,45
P42,621.1904761904761,668.2619047619048,43
P43,636.5813953488372,684.4651162790698,44
P44,651.1590909090909,698.4318181818181,45
P45,670.0,716.9777777777778,47
P46,687.8478260869565,734.8695652173913,46
P47,709.3404255319149,755.7234042553191,48
P48,730.7083333333334,777.3125,48
P49,757.6326530612245,804.8979591836735,49
P50,792.66,840.8,50
P51,833.7647058823529,881.1372549019608,51
P52,882.7115384615385,930.6538461538462,53
P53,929.7924528301887,977.7358490566038,55
P54,974.8148148148148,1023.1481481481482,54
P55,1027.3454545454545,1076.4,55
P56,1087.482142857143,1137.4107142857142,56
P57,1155.982456140351,1205.4736842105262,58
P58,1228.9310344827586,1278.7931034482758,59
P59,1301.6440677966102,1351.7627118644068,62
P60,1355.95,1406.5333333333333,60
P61,1419.2131147540983,1469.7540983606557,63
P62,1476.3064516129032,1527.0967741935483,63
P63,1533.904761904762,1584.047619047619,64
P64,1591.3125,1640.734375,65
P65,1646.1692307692308,1694.8923076923077,65
P66,1711.3030303030303,1760.0454545454545,68
P67,1777.9253731343283,1826.4328358208954,70
P68,1835.2941176470588,1883.5588235294117,70
P69,1884.0144927536232,1932.144927536232,69
P70,1936.5714285714287,1984.0714285714287,71
P71,1988.1830985915492,2035.6338028169014,71
P72,2045.361111111111,2092.222222222222,73
P73,2107.1643835616437,2154.041095890411,74
P74,2167.1216216216217,2214.054054054054,74
P75,2233.1066666666666,2280.213333333333,75
P76,2302.315789473684,2349.8552631578946,76
P77,2379.1428571428573,2426.5584415584417,78
P78,2454.230769230769,2501.74358974359,79
P79,2532.746835443038,2580.1772151898736,82
P80,2602.6375,2650.3125,80
P81,2674.4444444444443,2721.543209876543,81
P82,2747.6951219512193,2794.243902439024,82
P83,2825.6506024096384,2872.373493975904,84
P84,2900.4761904761904,2947.8214285714284,84
P85,2980.329411764706,3027.670588235294,85
P86,3062.6046511627906,3109.4186046511627,86
P87,3152.0114942528735,3199.3793103448274,88
P88,3242.806818181818,3290.2954545454545,89
P89,3334.932584269663,3382.4157303370785,91
P90,3423.0222222222224,3470.266666666667,96
P91,3492.7252747252746,3539.5824175824177,99
P92,3546.358695652174,3593.4347826086955,94
P93,3595.6666666666665,3642.7419354838707,95
P94,3645.6063829787236,3692.468085106383,97
P95,3689.0421052631577,3735.7368421052633,98
P96,3725.8854166666665,3772.1770833333335,99
P97,3759.4329896907216,3805.8762886597938,99
P98,3790.714285714286,3837.4285714285716,98
P99,3824.020202020202,3870.3535353535353,99
P100,3860.74,3906.67,100
P101,3900.831683168317,3947.168316831683,101
P102,3946.1666666666665,3992.549019607843,104
P103,3991.4466019417478,4037.4077669902913,104
P104,4037.5096153846152,4083.5865384615386,104
P105,4088.5333333333333,4134.295238095238,107
P106,4138.443396226415,4184.603773584906,106
P107,4191.411214953271,4237.990654205608,107
P108,4249.990740740741,4297.027777777777,108
P109,4314.082568807339,4360.972477064221,110
P110,4378.645454545454,4425.663636363636,112
P111,4443.594594594595,4490.90990990991,112
P112,4508.223214285715,4555.294642857143,113
P113,4574.539823008849,4621.58407079646,114
P114,4643.140350877193,4690.464912280701,114
P115,4717.591304347826,4764.608695652174,115
P116,4794.387931034483,4841.3448275862065,117
P117,4875.017094017094,4921.965811965812,119
P118,4951.449152542373,4998.838983050848,118
P119,5030.638655462185,5077.756302521008,119
P120,5112.841666666666,5159.691666666667,120
P121,5200.760330578512,5247.719008264463,122
P122,5291.647540983607,5338.327868852459,125
P123,5372.235772357723,5419.284552845528,123
P124,5457.959677419355,5504.870967741936,124
P125,5546.816,5593.6,126
P126,5639.896825396825,5686.738095238095,127
P127,5734.818897637795,5782.03937007874,127
P128,5834.96875,5882.25,129
P129,5939.62015503876,5987.31007751938,129
P130,6048.623076923077,6096.376923076923,131
P131,6157.274809160305,6204.67175572519,131
P132,6271.962121212121,6319.424242424242,132
P133,6389.646616541353,6437.067669172932,137
P134,6498.955223880597,6546.358208955224,134
P135,6610.711111111111,6658.466666666666,135
P136,6725.220588235294,6773.205882352941,137
P137,6845.124087591241,6893.262773722628,138
P138,6966.905797101449,7015.057971014493,139
P139,7093.021582733813,7141.021582733813,142
P140,7213.678571428572,7261.757142857143,142
P141,7330.035460992908,7378.375886524823,141
P142,7450.570422535211,7499.154929577465,143
P143,7570.083916083916,7618.524475524476,145
P144,7687.118055555556,7735.451388888889,145
P145,7806.179310344827,7854.834482758621,145
P146,7929.609589041096,7978.075342465753,146
P147,8055.666666666667,8104.0204081632655,148
P148,8189.108108108108,8237.547297297297,148
P149,8322.859060402685,8371.348993288591,150
P150,8459.713333333333,8507.946666666667,151
P151,8594.450331125829,8643.006622516556,151
P152,8732.592105263158,8781.407894736842,153
P153,8872.803921568628,8921.679738562092,154
P154,9018.045454545454,9066.818181818182,156
P155,9165.348387096774,9214.129032258064,156
P156,9311.75641025641,9360.358974358975,158
P157,9450.337579617835,9498.872611464969,158
P158,9592.177215189873,9640.867088607594,158
P159,9736.572327044025,9785.012578616352,159
P160,9887.04375,9935.75,160
P161,10043.968944099379,10092.608695652174,163
P162,10197.962962962964,10246.493827160493,163
P163,10355.993865030674,10404.460122699387,165
P164,10511.353658536585,10559.646341463415,172
P165,10638.872727272726,10687.151515151516,172
P166,10744.692771084337,10792.951807228916,167
P167,10851.473053892216,10899.467065868263,174
P168,10936.5,10984.25,172
P169,11011.047337278107,11058.804733727811,169
P170,11087.764705882353,11135.282352941176,170
P171,11166.631578947368,11214.12865497076,172
P172,11247.92441860465,11295.494186046511,172
P173,11331.884393063583,11379.57225433526,173
P174,11419.385057471265,11467.258620689656,174
P175,11510.8,11558.8,176
P176,11604.625,11652.880681818182,176
P177,11701.983050847457,11750.19209039548,179
P178,11797.056179775282,11845.14606741573,181
P179,11892.245810055865,11940.245810055865,182
P180,11988.45,12036.4,185
P181,12072.983425414364,12121.027624309392,181
P182,12160.895604395604,12208.89010989011,183
P183,12250.743169398907,12298.584699453551,185
P184,12342.755434782608,12390.777173913044,184
P185,12437.308108108107,12485.389189189189,186
P186,12532.801075268817,12580.629032258064,186
P187,12630.465240641712,12678.16577540107,188
P188,12730.606382978724,12778.095744680852,193
P189,12827.317460317461,12875.010582010582,189
P190,12926.336842105264,12973.978947368421,190
P191,13026.020942408377,13073.486910994765,191
P192,13127.708333333334,13175.270833333334,193
P193,13230.663212435233,13278.310880829016,194
P194,13335.159793814433,13382.938144329897,194
P195,13441.83076923077,13489.446153846155,195
P196,13551.260204081633,13598.714285714286,197
P197,13662.69543147208,13710.065989847715,199
P198,13773.464646464647,13820.691919191919,201
P199,13882.060301507538,13929.090452261307,209
P200,13969.785,14016.74,206
P201,14045.482587064676,14092.333333333334,202
P202,14123.029702970298,14169.955445544554,202
P203,14201.980295566502,14248.793103448275,203
P204,14284.333333333334,14331.088235294117,205
P205,14367.985365853658,14414.565853658536,207
P206,14451.893203883496,14498.339805825242,207
P207,14538.057971014492,14584.642512077295,207
P208,14625.524038461539,14672.038461538461,208
P209,14715.33971291866,14762.11004784689,209
P210,14807.171428571428,14853.904761904761,211
P211,14899.810426540284,14946.663507109004,212
P212,14995.127358490567,15042.066037735849,213
P213,15091.159624413145,15138.150234741785,214
P214,15189.289719626167,15236.29906542056,215
P215,15289.041860465117,15336.246511627907,215
P216,15391.523148148148,15438.611111111111,216
P217,15496.064516129032,15543.221198156682,218
P218,15604.495412844037,15651.587155963303,220
P219,15714.465753424658,15761.780821917808,219
P220,15826.413636363637,15873.968181818182,220
P221,15941.199095022625,15988.692307692309,222
P222,16060.576576576577,16108.067567567568,223
P223,16180.914798206279,16228.322869955156,226
P224,16300.549107142857,16348.05357142857,224
P225,16421.253333333334,16468.955555555556,225
P226,16545.300884955752,16592.814159292036,226
P227,16672.61233480176,16720.286343612333,228
P228,16802.394736842107,16850.14912280702,229
P229,16932.44978165939,16980.379912663757,229
P230,17068.38695652174,17116.13913043478,230
P231,17205.987012987014,17253.675324675325,234
P232,17343.383620689656,17391.15948275862,232
P233,17481.643776824036,17529.497854077254,234
P234,17624.141025641027,17671.82905982906,234
P235,17767.502127659576,17815.4,235
P236,17914.88559322034,17962.974576271186,237
P237,18065.25316455696,18113.42194092827,238
P238,18216.285714285714,18264.29411764706,239
P239,18365.008368200837,18413.20920502092,239
P240,18518.716666666667,18567.025,241
P241,18671.883817427384,18720.004149377593,242
P242,18825.677685950413,18873.76446280992,245
P243,18977.958847736627,19025.991769547327,249
P244,19121.10655737705,19169.32786885246,244
P245,19264.71020408163,19312.910204081632,245
P246,19410.97967479675,19459.235772357722,247
P247,19560.688259109313,19608.95951417004,248
P248,19711.173387096773,19759.45564516129,249
P249,19863.44578313253,19911.546184738956,249
P250,20017.248,20065.348,251
P251,20171.996015936256,20219.928286852588,255
P252,20319.761904761905,20367.75396825397,252
P253,20468.91304347826,20516.98418972332,253
P254,20620.56692913386,20668.814960629923,254
P255,20776.15294117647,20824.58823529412,255
P256,20931.8359375,20980.1015625,256
P257,21090.96887159533,21139.291828793775,259
P258,21249.375968992248,21297.51937984496,259
P259,21409.88030888031,21458.158301158302,259
P260,21572.473076923077,21620.626923076925,262
P261,21735.444444444445,21783.64367816092,262
P262,21900.106870229007,21948.396946564884,263
P263,22064.12547528517,22112.247148288974,264
P264,22230.454545454544,22278.465909090908,265
P265,22399.222641509434,22447.21886792453,266
P266,22570.045112781954,22618.041353383458,267
P267,22739.50936329588,22787.569288389514,267
P268,22912.805970149253,22960.902985074626,269
P269,23087.524163568774,23135.475836431226,270
P270,23262.1,23310.17777777778,270
P271,23441.040590405904,23489.169741697417,272
P272,23621.323529411766,23669.29411764706,272
P273,23804.30402930403,23852.358974358973,273
P274,23990.36496350365,24038.470802919706,275
P275,24178.33090909091,24226.603636363638,275
P276,24371.16304347826,24419.554347826088,277
P277,24564.24548736462,24612.62454873646,278
P278,24761.363309352517,24809.622302158274,283
P279,24954.52329749104,25002.724014336916,285
P280,25131.946428571428,25180.125,282
P281,25304.241992882562,25352.516014234876,281
P282,25478.358156028367,25526.63829787234,283
P283,25656.7703180212,25704.964664310955,285
P284,25834.838028169015,25882.901408450703,289
P285,26007.821052631578,26055.78947368421,296
P286,26158.367132867133,26206.293706293705,289
P287,26303.202090592335,26351.03135888502,288
P288,26449.739583333332,26497.538194444445,288
P289,26598.107266435985,26645.9723183391,289
P290,26748.73448275862,26796.603448275862,291
P291,26901.474226804123,26949.31615120275,292
P292,27057.424657534248,27105.38698630137,292
P293,27214.64505119454,27262.709897610923,294
P294,27373.914965986394,27422.06462585034,295
P295,27534.454237288137,27582.589830508474,296
P296,27696.54054054054,27744.554054054053,298
P297,27860.282828282827,27908.367003367002,297
P298,28025.560402684565,28073.4966442953,298
P299,28193.434782608696,28241.428093645485,300
P300,28362.596666666668,28410.71,300
P301,28534.863787375416,28582.960132890366,303
P302,28707.403973509932,28755.53642384106,303
P303,28882.38613861386,28930.51815181518,304
P304,29057.28947368421,29105.575657894737,304
P305,29235.72131147541,29283.9868852459,305
P306,29416.437908496733,29464.86274509804,306
P307,29601.57003257329,29650.123778501627,309
P308,29786.383116883117,29834.80844155844,309
P309,29973.747572815533,30022.307443365695,310
P310,30160.06129032258,30208.75806451613,310
P311,30350.411575562703,30399.00643086817,312
P312,30540.01923076923,30588.733974358973,314
P313,30728.274760383385,30776.85303514377,314
P314,30916.35668789809,30965.0923566879,314
P315,31106.89523809524,31155.51746031746,315
P316,31301.430379746835,31350.120253164558,318
P317,31495.602523659305,31544.312302839116,321
P318,31685.45283018868,31734.088050314465,321
P319,31873.203761755485,31921.921630094042,319
P320,32063.1,32111.70625,320
P321,32254.327102803738,32302.90031152648,322
P322,32447.41304347826,32496.127329192546,322
P323,32642.244582043342,32690.910216718265,323
P324,32839.96296296296,32888.75617283951,325
P325,33040.44923076923,33089.13846153846,326
P326,33238.97852760736,33287.54294478527,327
P327,33439.12232415902,33487.61467889908,329
P328,33640.37804878049,33688.92378048781,328
P329,33844.20972644377,33892.81155015198,329
P330,34050.12727272727,34098.68787878788,332
P331,34257.90936555891,34306.36858006042,335
P332,34464.117469879515,34512.62048192771,332
P333,34672.85885885886,34721.372372372374,334
P334,34883.03592814371,34931.523952095806,335
P335,35095.49850746269,35143.976119402985,336
P336,35305.82142857143,35354.21726190476,337
P337,35519.750741839765,35568.06528189911,342
P338,35725.39349112426,35773.630177514795,345
P339,35915.99705014749,35964.13274336283,346
P340,36097.59411764706,36145.7705882353,344
P341,36270.953079178886,36319.23753665689,341
P342,36446.336257309944,36494.76608187135,342
P343,36623.087463556854,36671.42565597668,343
P344,36802.08139534884,36850.49709302326,345
P345,36982.81739130435,37031.30434782609,347
P346,37164.3612716763,37212.86416184971,347
P347,37347.4409221902,37396.08645533141,347
P348,37532.69827586207,37581.2959770115,349
P349,37718.27220630372,37766.73925501433,349
P350,37906.03142857143,37954.602857142854,351
P351,38095.00854700855,38143.695156695154,351
P352,38286.463068181816,38335.09375,353
P353,38478.95750708215,38527.67988668555,354
P354,38672.686440677964,38721.43502824859,355
P355,38868.030985915495,38916.704225352114,356
P356,39065.129213483146,39113.747191011236,357
P357,39263.532212885155,39312.17086834734,358
P358,39463.175977653635,39511.78770949721,359
P359,39664.3286908078,39712.961002785516,359
P360,39867.59444444445,39916.11111111111,360
P361,40072.36565096953,40120.891966759,362
P362,40279.0635359116,40327.68508287293,362
P363,40487.89531680441,40536.479338842975,363
P364,40699.93406593407,40748.52472527473,365
P365,40913.550684931506,40962.24657534246,365
P366,41130.43989071038,41179.21038251366,367
P367,41349.37329700273,41398.280653950955,367
P368,41570.997282608696,41619.79891304348,368
P369,41794.81029810298,41843.528455284555,369
P370,42021.27567567568,42069.87567567568,370
P371,42250.30997304582,42298.96495956873,372
P372,42481.92204301075,42530.534946236556,373
P373,42715.97855227882,42764.616621983914,374
P374,42950.866310160425,42999.54812834225,375
P375,43184.013333333336,43232.68,378
P376,43415.23936170213,43463.84840425532,380
P377,43645.498673740054,43694.09549071618,381
P378,43868.82010582011,43917.351851851854,380
P379,44092.788918205806,44141.203166226915,393
P380,44295.42894736842,44343.836842105266,396
P381,44465.07349081365,44513.475065616796,381
P382,44636.806282722515,44685.15968586387,384
P383,44809.23237597911,44857.48041775457,402
P384,44950.8671875,44999.106770833336,384
P385,45093.516883116885,45141.75064935065,385
P386,45237.31865284974,45285.63471502591,386
P387,45382.989664082685,45431.25839793282,387
P388,45530.719072164946,45578.93041237113,389
P389,45679.65809768638,45727.96658097686,389
P390,45831.22051282051,45879.610256410255,391
P391,45983.994884910484,46032.3989769821,393
P392,46138.0943877551,46186.607142857145,392
P393,46294.0737913486,46342.70992366412,393
P394,46452.47715736041,46501.043147208125,394
P395,46612.89367088608,46661.435443037975,397
P396,46774.99494949495,46823.47474747475,399
P397,46937.40554156171,46985.90680100756,398
P398,47101.40452261306,47150.02512562814,398
P399,47267.10275689223,47315.70175438596,399
P400,47435.565,47484.1375,401
P401,47605.426433915214,47654.08728179551,402
P402,47776.885572139305,47825.572139303484,403
P403,47950.24565756824,47999.034739454095,403
P404,48126.24504950495,48175.10396039604,405
P405,48303.86666666667,48352.75555555556,406
P406,48483.5197044335,48532.34975369458,408
P407,48661.99262899263,48710.766584766585,410
P408,48840.526960784315,48889.39705882353,408
P409,49020.52322738386,49069.47432762836,410
P410,49201.89756097561,49250.85609756097,411
P411,49385.063260340634,49434.10218978102,411
P412,49570.69417475728,49619.830097087375,412
P413,49758.08716707022,49807.13075060533,413
P414,49948.29468599034,49997.43719806763,414
P415,50140.56626506024,50189.62891566265,416
P416,50334.987980769234,50384.01442307692,418
P417,50530.82733812949,50579.76019184652,423
P418,50721.99043062201,50770.911483253585,419
P419,50913.63723150358,50962.62291169451,419
P420,51107.84523809524,51156.816666666666,421
P421,51302.973871733964,51351.980997624705,421
P422,51500.72748815166,51549.69431279621,422
P423,51699.99054373523,51748.86288416076,424
P424,51901.36320754717,51950.16273584906,428
P425,52101.25411764706,52149.9505882353,434
P426,52293.612676056335,52342.39906103286,426
P427,52486.65573770492,52535.47775175644,428
P428,52681.30841121495,52730.03738317757,428
P429,52877.1351981352,52925.757575757576,429
P430,53075.030232558136,53123.74418604651,430
P431,53274.600928074244,53323.31090487239,432
P432,53475.71296296296,53524.47222222222,433
P433,53677.96766743649,53726.79907621247,433
P434,53882.54838709677,53931.39400921659,436
P435,54087.85977011494,54136.777011494254,435
P436,54295.44495412844,54344.47247706422,436
P437,54504.33867276888,54553.260869565216,437
P438,54715.5799086758,54764.53881278539,439
P439,54928.30296127563,54977.191343963554,441
P440,55141.468181818185,55190.26590909091,441
P441,55355.8231292517,55404.65306122449,442
P442,55571.079185520364,55619.81447963801,442
P443,55787.961625282165,55836.751693002254,443
P444,56006.58783783784,56055.41891891892,445
P445,56226.32134831461,56275.121348314606,447
P446,56447.85426008968,56496.76233183857,446
P447,56671.219239373604,56720.12080536913,447
P448,56896.36830357143,56945.16517857143,448
P449,57123.48775055679,57172.32071269488,450
P450,57352.37111111111,57401.13333333333,451
P451,57582.81374722838,57631.667405764965,451
P452,57815.55309734513,57864.46681415929,453
P453,58050.08167770419,58099.00220750552,455
P454,58284.86563876652,58333.779735682816,456
P455,58518.87472527473,58567.79560439561,455
P456,58755.02631578947,58804.01096491228,456
P457,58993.08533916849,59042.09190371991,458
P458,59233.028384279474,59281.969432314414,460
P459,59473.58605664488,59522.54248366013,460
P460,59715.495652173915,59764.41086956522,461
P461,59958.6420824295,60007.57700650759,462
P462,60203.31385281385,60252.31385281385,462
P463,60449.29373650108,60498.19006479481,463
P464,60697.27801724138,60746.17672413793,465
P465,60946.750537634405,60995.74623655914,465
P466,61198.14806866953,61247.15236051502,467
P467,61450.68094218415,61499.64239828694,470
P468,61704.53846153846,61753.54914529915,469
P469,61958.26226012793,62007.22174840085,469
P470,62214.151063829784,62263.208510638295,470
P471,62472.24840764331,62521.39278131635,472
P472,62731.997881355936,62781.23940677966,472
P473,62994.05708245243,63043.219873150105,473
P474,63258.035864978905,63307.0970464135,474
P475,63523.9452631579,63573.10105263158,476
P476,63790.73949579832,63839.93697478992,478
P477,64058.266247379455,64107.46960167715,479
P478,64327.03765690377,64376.33891213389,478
P479,64597.455114822544,64646.67849686847,479
P480,64870.08125,64919.239583333336,480
P481,65145.03742203742,65194.18711018711,482
P482,65422.24066390042,65471.41286307054,482
P483,65701.61076604555,65750.85714285714,483
P484,65983.63636363637,66032.90082644628,485
P485,66267.59381443298,66316.78144329897,488
P486,66550.43827160494,66599.60905349794,490
P487,66828.16837782341,66877.42299794662,487
P488,67108.3094262295,67157.66393442624,488
P489,67390.67280163598,67440.02862985685,491
P490,67674.65102040816,67723.9775510204,492
P491,67957.8900203666,68007.24032586558,491
P492,68243.29471544715,68292.59959349594,492
P493,68530.45841784989,68579.67748478701,494
P494,68819.15991902835,68868.3927125506,495
P495,69109.30303030302,69158.54545454546,497
P496,69397.99395161291,69447.28024193548,496
P497,69688.85915492958,69738.07243460765,497
P498,69981.81526104418,70031.03815261045,499
P499,70276.58517034068,70325.72545090181,500
P500,70572.366,70621.528,500
P501,70870.22155688623,70919.33333333333,503
P502,71168.96613545816,71218.16334661354,502
P503,71469.41550695825,71518.5407554672,503
P504,71771.93055555556,71821.15476190476,504
P505,72076.6792079208,72125.95643564356,507
P506,72382.77470355731,72432.07114624506,507
P507,72690.5483234714,72739.76528599605,516
P508,72981.28543307087,73030.52362204724,510
P509,73268.40667976424,73317.65029469549,511
P510,73555.79019607844,73604.94901960784,521
P511,73825.76320939335,73875.00195694716,511
P512,74097.65234375,74146.927734375,513
P513,74370.93372319688,74420.11695906433,513
P514,74645.8813229572,74694.9785992218,514
P515,74922.54563106796,74971.61165048544,517
P516,75199.88565891473,75248.89341085272,529
P517,75455.39264990328,75504.33268858801,533
P518,75690.37065637065,75739.36486486487,519
P519,75924.89595375722,75973.96531791908,519
P520,76160.56346153846,76209.56346153846,520
P521,76397.95393474089,76447.04030710172,521
P522,76637.04406130269,76686.21647509579,522
P523,76878.07839388146,76927.2810707457,526
P524,77118.98473282442,77168.16603053435,526
P525,77361.11238095239,77410.23047619048,525
P526,77604.58365019012,77653.62547528517,526
P527,77849.60151802657,77898.5844402277,528
P528,78096.22348484848,78145.24053030302,528
P529,78344.58601134215,78393.66918714556,529
P530,78594.38679245283,78643.40377358491,530
P531,78846.02448210923,78895.0790960452,532
P532,79099.21616541353,79148.22556390977,533
P533,79353.96060037524,79403.04315196998,533
P534,79610.58801498127,79659.65168539326,535
P535,79868.47663551402,79917.63364485982,535
P536,80128.4776119403,80177.63432835821,537
P537,80389.98324022346,80439.21787709497,538
P538,80652.90148698885,80702.14869888476,539
P539,80917.23376623377,80966.43599257884,540
P540,81182.87037037036,81232.04629629629,542
P541,81449.26432532347,81498.40665434381,543
P542,81716.36531365314,81765.5516605166,542
P543,81984.98342541436,82034.19521178637,544
P544,82254.96507352941,82304.20955882352,544
P545,82526.74128440367,82575.97247706422,547
P546,82799.79120879121,82849.0,547
P547,83073.96709323583,83123.2138939671,547
P548,83350.08759124088,83399.3813868613,548
P549,83627.9927140255,83677.32969034609,550
P550,83907.26909090909,83956.58363636363,552
P551,84187.8166969147,84237.15607985482,551
P552,84470.36413043478,84519.66485507246,552
P553,84754.32368896926,84803.53707052441,553
P554,85040.23285198557,85089.39711191336,555
P555,85327.81261261262,85377.04324324324,555
P556,85617.33992805755,85666.49280575539,558
P557,85906.18671454219,85955.28007181328,558
P558,86196.3028673835,86245.47670250897,558
P559,86488.3381037567,86537.57602862254,560
P560,86782.09107142857,86831.25892857143,561
P561,87076.78787878787,87125.95187165776,562
P562,87373.01423487545,87422.23487544485,562
P563,87671.1190053286,87720.36589698047,564
P564,87971.00177304965,88020.18794326241,566
P565,88269.69557522124,88318.86548672567,566
P566,88569.56890459365,88618.66431095406,574
P567,88861.848324515,88911.00881834215,567
P568,89156.20070422535,89205.30457746479,568
P569,89452.24780316344,89501.42706502636,569
P570,89749.84385964912,89799.10701754387,570
P571,90049.08581436078,90098.26795096323,571
P572,90350.06993006993,90399.32342657342,573
P573,90652.58638743455,90701.79232111693,575
P574,90956.32229965157,91005.47038327526,574
P575,91261.9147826087,91311.13913043478,575
P576,91569.38888888889,91618.671875,578
P577,91877.65337954939,91926.93934142114,578
P578,92187.81660899654,92237.07612456748,580
P579,92499.77202072539,92549.03626943006,580
P580,92811.12413793104,92860.39137931034,581
P581,93123.4578313253,93172.71600688469,582
P582,93437.03264604812,93486.35395189004,582
P583,93751.90051457976,93801.15437392796,583
P584,94068.10787671233,94117.30993150685,584
P585,94386.26324786324,94435.55213675214,585
P586,94706.9470989761,94756.29863481228,587
P587,95029.1192504259,95078.52129471891,589
P588,95351.76020408163,95401.19897959183,589
P589,95675.76570458405,95725.14940577249,589
P590,96001.57457627119,96050.93898305084,592
P591,96328.56175972927,96377.8950930626,595
P592,96651.51182432432,96700.78716216216,605
P593,96958.85328836425,97008.06408094436,623
P594,97223.64141414141,97272.80471380471,643
P595,97435.99663865546,97485.11764705883,626
P596,97616.17281879195,97665.31040268457,596
P597,97797.1959798995,97846.33333333333,598
P598,97979.07859531773,98028.20903010033,599
P599,98161.97996661102,98211.05676126879,599
P600,98346.16333333333,98395.22166666666,601
P601,98531.45590682197,98580.54409317803,601
P602,98718.03488372093,98767.06146179402,602
P603,98906.0248756219,98955.135986733,603
P604,99095.35430463577,99144.40397350994,604
P605,99286.04462809917,99335.0958677686,606
P606,99478.15346534654,99527.17821782178,608
P607,99671.27182866557,99720.29818780889,608
P608,99865.22532894737,99914.32072368421,608
P609,100060.29885057472,100109.31527093596,609
P610,100256.97049180328,100305.96721311475,611
P611,100455.05400981997,100504.03273322422,613
P612,100653.60620915033,100702.61928104576,612
P613,100853.76672104404,100902.7748776509,614
P614,101055.21009771987,101104.25407166124,614
P615,101258.17398373983,101307.17235772358,615
P616,101462.44318181818,101511.4025974026,617
P617,101667.94813614263,101716.86223662885,622
P618,101873.1504854369,101922.01779935275,624
P619,102077.6268174475,102126.51211631663,619
P620,102283.41774193548,102332.29838709677,621
P621,102490.40096618357,102539.25603864735,622
P622,102698.53054662379,102747.33601286174,625
P623,102906.50561797753,102955.23916532905,631
P624,103111.70032051283,103160.50801282052,624
P625,103318.1424,103366.9568,626
P626,103525.71405750798,103574.60223642172,626
P627,103734.70813397129,103783.66985645932,627
P628,103944.98407643312,103993.90764331211,628
P629,104156.80286168521,104205.73767885532,631
P630,104369.42857142857,104418.3238095238,631
P631,104582.91917591126,104631.76545166403,633
P632,104797.33544303797,104846.25158227848,632
P633,105013.05687203791,105061.9131121643,633
P634,105230.16246056782,105279.08832807571,634
P635,105448.7590551181,105497.65511811024,636
P636,105668.4496855346,105717.27515723271,636
P637,105889.30298273155,105938.06593406593,637
P638,106111.56896551725,106160.36990595612,639
P639,106335.0406885759,106383.86228482003,640
P640,106559.7484375,106608.6234375,640
P641,106785.9375975039,106834.77379095164,642
P642,107013.2507788162,107062.14797507788,642
P643,107242.29082426128,107291.26283048211,643
P644,107472.81366459628,107521.83229813665,645
P645,107704.72868217055,107753.79534883721,647
P646,107936.82817337461,107985.88080495356,648
P647,108170.05564142195,108219.0772797527,651
P648,108402.72067901235,108451.77777777778,648
P649,108636.76117103235,108685.82126348228,650
P650,108871.79538461538,108920.78461538462,654
P651,109105.96159754225,109154.98003072197,651
P652,109341.46932515338,109390.49233128835,653
P653,109577.90199081163,109626.86370597243,653
P654,109815.51529051988,109864.51529051988,654
P655,110054.6854961832,110103.68244274809,656
P656,110294.78048780488,110343.83384146342,656
P657,110536.0395738204,110585.04414003044,659
P658,110777.26899696048,110826.28723404255,659
P659,111019.44916540213,111068.47951441578,660
P660,111262.25151515151,111311.30151515151,660
P661,111506.15885022693,111555.18154311649,662
P662,111750.95770392749,111799.98036253777,663
P663,111996.7088989442,112045.67722473605,664
P664,112243.56174698795,112292.56475903615,664
P665,112491.8015037594,112540.78496240602,665
P666,112741.6021021021,112790.59309309309,667
P667,112992.71664167916,113041.68515742129,669
P668,113244.69461077845,113293.65119760479,671
P669,113495.21823617339,113544.1375186846,672
P670,113746.1776119403,113795.04776119403,675
P671,113996.31445603576,114045.19076005962,671
P672,114247.48958333333,114296.37946428571,672
P673,114499.60178306092,114548.43684992571,673
P674,114752.8709198813,114801.6706231454,676
P675,115006.94074074074,115055.73185185186,675
P676,115262.22633136094,115310.97041420119,676
P677,115518.87149187592,115567.63958641063,677
P678,115776.63864306784,115825.37315634219,678
P679,116035.59351988218,116084.33431516937,680
P680,116295.61176470589,116344.3294117647,682
P681,116556.34361233481,116605.0866372981,681
P682,116818.66862170088,116867.40322580645,683
P683,117082.32942898975,117131.00878477306,684
P684,117346.69298245614,117395.44152046784,684
P685,117612.6598540146,117661.47883211679,685
P686,117880.3862973761,117929.24489795919,688
P687,118148.83697234352,118197.71179039302,688
P688,118418.70639534884,118467.55668604652,689
P689,118689.88098693758,118738.7039187228,692
P690,118961.05652173913,119009.8304347826,698
P691,119228.86975397974,119277.58176555716,708
P692,119485.74566473988,119534.45086705203,698
P693,119736.66233766233,119785.41125541125,693
P694,119988.8962536023,120037.65129682996,695
P695,120242.28345323741,120291.03165467626,696
P696,120496.7183908046,120545.48994252873,696
P697,120752.15638450503,120800.86944045911,698
P698,121008.66332378224,121057.32521489971,699
P699,121265.98426323319,121314.71816881259,699
P700,121524.18428571429,121572.88571428572,701
P701,121783.32667617689,121832.08131241084,702
P702,122043.67236467237,122092.4188034188,703
P703,122305.0426742532,122353.84068278805,703
P704,122567.55965909091,122616.33096590909,704
P705,122831.24680851064,122880.0609929078,706
P706,123095.81019830029,123144.67705382436,706
P707,123361.64922206507,123410.5162659123,709
P708,123628.15960451978,123677.00282485876,710
P709,123895.31452750352,123944.18194640339,709
P710,124163.84366197183,124212.68873239437,710
P711,124433.82559774964,124482.69620253165,711
P712,124705.21067415731,124754.06460674158,714
P713,124977.57082748949,125026.41374474054,713
P714,125251.23529411765,125300.03081232493,718
P715,125524.54545454546,125573.35104895105,715
P716,125799.24301675978,125848.0377094972,717
P717,126075.15341701535,126123.98465829846,717
P718,126352.13370473537,126400.8983286908,718
P719,126630.51321279554,126679.28511821975,720
P720,126909.7513888889,126958.52083333333,721
P721,127190.09153952844,127238.83633841886,724
P722,127470.59279778393,127519.31163434903,725
P723,127751.51452282157,127800.29737206086,723
P724,128033.29143646409,128082.01519337017,724
P725,128316.32137931035,128365.00413793103,725
P726,128600.73553719008,128649.40633608816,727
P727,128886.26960110042,128934.88583218706,730
P728,129171.73351648351,129220.31181318681,730
P729,129457.76954732511,129506.31138545953,733
P730,129742.97945205479,129791.4712328767,737
P731,130024.1367989056,130072.6292749658,733
P732,130303.94535519126,130352.49043715847,732
P733,130585.03683492496,130633.6275579809,734
P734,130866.7765667575,130915.36103542235,735
P735,131149.56462585033,131198.15510204082,736
P736,131433.12907608695,131481.73505434784,736
P737,131718.0936227951,131766.67842605157,739
P738,132003.86991869917,132052.4105691057,740
P739,132290.71041948578,132339.23545331528,739
P740,132578.64594594596,132627.18378378378,740
P741,132867.91902834008,132916.45479082322,742
P742,133158.09703504044,133206.57142857142,742
P743,133449.5195154778,133498.0134589502,743
P744,133742.08198924732,133790.59811827957,744
P745,134036.00134228187,134084.50335570468,747
P746,134330.8873994638,134379.40080428956,746
P747,134627.04016064256,134675.52074966533,748
P748,134924.23529411765,134972.66711229947,750
P749,135222.35781041387,135270.77970627503,750
P750,135521.64933333333,135570.10666666666,750
